URL,label
https://www.booking.com/terms,0
https://m.nate.com,0
https://amazon.com/terms,0
https://mail.ebay.com,0
https://mail.cnn.com,0
https://twitter.com/category,0
https://www.facebook.com/search?utm_source=google,0
https://support.cnn.com,0
https://youtube.com/category,0
https://www.stackoverflow.com/contact,0
https://www.coupang.com,0
https://www.twitter.com/news,0
https://www.kakao.com/search?page=1,0
https://walmart.com/privacy,0
https://www.youtube.com/search?ref=home,0
https://www.coupang.com/blog,0
https://netflix.com/products,0
https://www.github.com/account,0
https://airbnb.com/account,0
https://facebook.com/news,0
https://shop.wikipedia.org,0
https://www.theguardian.com/category,0
https://www.twitter.com,0
https://airbnb.com/support,0
https://cnn.com/login,0
https://www.kakao.com,0
https://www.reuters.com/products,0
https://www.cnn.com/services,0
https://naver.com/privacy,0
https://twitter.com/search,0
https://www.facebook.com/news,0
https://api.github.com,0
https://reddit.com/help,0
https://news.alibaba.com,0
https://twitter.com/help,0
https://mobile.google.com,0
https://news.github.com,0
https://ebay.com,0
https://booking.com/search,0
https://kakao.com/register,0
https://www.amazon.com/search?search=product,0
https://www.linkedin.com,0
https://linkedin.com/products,0
https://www.google.com/cart,0
https://www.reddit.com/blog,0
https://m.instagram.com,0
https://airbnb.com,0
https://www.facebook.com/settings,0
https://www.reuters.com/services,0
https://www.netflix.com/blog,0
https://twitter.com,0
https://www.netflix.com/account,0
https://www.ebay.com/search?utm_source=google,0
https://www.cnn.com/blog,0
https://booking.com/home,0
https://www.stackoverflow.com/settings,0
https://www.daum.net/home,0
https://shop.kakao.com,0
https://microsoft.com/about,0
https://reddit.com/checkout,0
https://www.alibaba.com,0
https://www.reuters.com/terms,0
https://api.naver.com,0
https://wikipedia.org,0
https://ebay.com/register,0
https://www.booking.com,0
https://twitter.com/terms,0
https://mobile.ebay.com,0
https://ebay.com/login,0
https://nate.com/terms,0
https://www.stackoverflow.com/category,0
https://www.microsoft.com,0
https://www.netflix.com/search?utm_source=google,0
https://netflix.com/terms,0
https://blog.daum.net,0
https://www.medium.com,0
https://www.google.com/news,0
https://www.daum.net/account,0
https://nate.com/products,0
https://www.bbc.com/profile,0
https://mail.coupang.com,0
https://blog.nytimes.com,0
https://www.linkedin.com/search?search=product,0
https://www.stackoverflow.com,0
https://microsoft.com,0
https://kakao.com,0
https://www.google.com/help,0
https://nate.com,0
https://www.wikipedia.org/login,0
https://api.walmart.com,0
https://www.amazon.com/search?utm_source=google,0
https://www.microsoft.com/cart,0
https://www.booking.com/search?ref=home,0
https://support.alibaba.com,0
https://www.walmart.com/search?page=1,0
https://www.daum.net/news,0
https://apple.com/products,0
https://support.airbnb.com,0
https://www.booking.com/cart,0
https://support.instagram.com,0
https://medium.com/terms,0
https://www.microsoft.com/search?search=product,0
https://news.reuters.com,0
https://api.amazon.com,0
https://mail.google.com,0
https://www.github.com/support,0
https://www.apple.com/account,0
https://www.cnn.com/privacy,0
https://amazon.com,0
https://m.netflix.com,0
https://medium.com,0
https://naver.com,0
https://www.wikipedia.org/services,0
https://api.youtube.com,0
https://www.booking.com/search?page=1,0
https://shop.amazon.com,0
https://ebay.com/cart,0
https://api.apple.com,0
https://www.nytimes.com/search,0
https://facebook.com/support,0
https://amazon.com/privacy,0
https://www.instagram.com/search?lang=ko,0
https://theguardian.com,0
https://naver.com/services,0
https://www.alibaba.com/shop,0
https://naver.com/about,0
https://www.amazon.com/login,0
https://www.wikipedia.org/search?ref=home,0
https://www.youtube.com,0
https://alibaba.com/products,0
https://mobile.bbc.com,0
https://www.instagram.com,0
https://www.wikipedia.org/contact,0
https://mobile.instagram.com,0
https://instagram.com/terms,0
https://mail.airbnb.com,0
https://facebook.com,0
https://support.theguardian.com,0
https://www.kakao.com/register,0
https://www.daum.net/terms,0
https://coupang.com/news,0
https://wikipedia.org/checkout,0
https://www.alibaba.com/search?utm_source=google,0
https://nate.com/search,0
https://booking.com/news,0
https://www.amazon.com,0
https://mobile.nytimes.com,0
https://www.wikipedia.org/search?lang=ko,0
https://mobile.airbnb.com,0
https://blog.instagram.com,0
https://blog.kakao.com,0
https://news.airbnb.com,0
https://shop.naver.com,0
https://medium.com/blog,0
https://amazon.com/home,0
https://coupang.com/search,0
https://www.naver.com/search?search=product,0
https://linkedin.com/register,0
https://www.naver.com/news,0
https://www.coupang.com/profile,0
https://blog.booking.com,0
https://support.stackoverflow.com,0
https://mobile.microsoft.com,0
https://reuters.com/profile,0
https://ebay.com/about,0
https://youtube.com,0
https://nytimes.com/profile,0
https://nytimes.com,0
https://www.kakao.com/privacy,0
https://medium.com/privacy,0
https://www.twitter.com/home,0
https://www.bbc.com/search?utm_source=google,0
https://youtube.com/terms,0
https://mail.theguardian.com,0
https://www.github.com/cart,0
https://google.com/login,0
https://www.coupang.com/category,0
https://stackoverflow.com/contact,0
https://www.apple.com,0
https://www.apple.com/profile,0
https://www.stackoverflow.com/search?page=1,0
https://amazon.com/about,0
https://support.microsoft.com,0
https://www.cnn.com/news,0
https://m.reuters.com,0
https://www.coupang.com/search?ref=home,0
https://netflix.com/news,0
https://www.cnn.com/products,0
https://support.bbc.com,0
https://www.nate.com/blog,0
https://www.instagram.com/products,0
https://stackoverflow.com,0
https://www.linkedin.com/blog,0
https://www.facebook.com,0
https://blog.google.com,0
https://alibaba.com/login,0
https://m.github.com,0
https://daum.net,0
https://support.amazon.com,0
https://m.amazon.com,0
https://blog.microsoft.com,0
https://www.daum.net,0
https://www.ebay.com/register,0
https://news.nate.com,0
https://www.nytimes.com/category,0
https://walmart.com/help,0
https://mail.linkedin.com,0
https://bbc.com/checkout,0
https://daum.net/cart,0
https://bbc.com/terms,0
https://nate.com/account,0
https://www.linkedin.com/category,0
https://www.ebay.com/services,0
https://www.instagram.com/about,0
https://www.nate.com/account,0
https://www.netflix.com,0
https://naver.com/home,0
https://www.naver.com/profile,0
https://mobile.booking.com,0
https://mail.github.com,0
https://www.booking.com/home,0
https://reddit.com/login,0
https://youtube.com/privacy,0
https://news.netflix.com,0
https://www.cnn.com/search?ref=home,0
https://shop.coupang.com,0
https://www.apple.com/search?search=product,0
https://apple.com/support,0
https://www.walmart.com/search?search=product,0
https://www.theguardian.com/account,0
https://mail.nytimes.com,0
https://reddit.com,0
https://shop.linkedin.com,0
https://www.kakao.com/checkout,0
https://www.theguardian.com,0
https://www.twitter.com/search?utm_source=google,0
https://www.daum.net/help,0
https://shop.google.com,0
https://bbc.com/cart,0
https://blog.theguardian.com,0
https://mail.nate.com,0
https://www.daum.net/search,0
https://wikipedia.org/products,0
https://www.alibaba.com/search?lang=ko,0
https://www.linkedin.com/search,0
https://blog.facebook.com,0
https://api.cnn.com,0
https://api.microsoft.com,0
https://www.google.com,0
https://m.facebook.com,0
https://youtube.com/profile,0
https://www.netflix.com/search?ref=home,0
https://www.github.com,0
https://instagram.com,0
https://amazon.com/cart,0
https://www.youtube.com/account,0
https://www.twitter.com/search,0
https://reuters.com,0
https://linkedin.com/services,0
https://news.twitter.com,0
https://www.microsoft.com/account,0
https://blog.cnn.com,0
https://shop.bbc.com,0
https://www.netflix.com/register,0
https://www.airbnb.com,0
https://www.cnn.com,0
https://www.microsoft.com/register,0
https://www.google.com/search?ref=home,0
https://www.bbc.com/checkout,0
https://linkedin.com,0
https://m.apple.com,0
https://shop.airbnb.com,0
https://alibaba.com,0
https://news.nytimes.com,0
https://www.google.com/settings,0
https://www.theguardian.com/search?search=product,0
https://support.github.com,0
https://walmart.com,0
https://wikipedia.org/register,0
https://support.reddit.com,0
https://github.com,0
https://www.linkedin.com/search?ref=home,0
https://apple.com,0
https://support.booking.com,0
https://mobile.cnn.com,0
https://www.github.com/settings,0
https://netflix.com,0
https://alibaba.com/home,0
https://www.linkedin.com/about,0
https://microsoft.com/profile,0
https://www.ebay.com/checkout,0
https://nate.com/cart,0
https://nate.com/privacy,0
https://www.walmart.com,0
https://www.nate.com/search?search=product,0
https://google.com,0
https://m.youtube.com,0
https://instagram.com/profile,0
https://www.nytimes.com/search?ref=home,0
https://shop.alibaba.com,0
https://reuters.com/shop,0
https://www.cnn.com/support,0
https://www.medium.com/settings,0
https://www.bbc.com/search?page=1,0
https://shop.booking.com,0
https://airbnb.com/contact,0
https://www.bbc.com,0
https://nytimes.com/about,0
https://kakao.com/checkout,0
https://cnn.com/privacy,0
https://www.kakao.com/help,0
https://www.reuters.com/search?ref=home,0
https://support.kakao.com,0
https://www.daum.net/search?ref=home,0
https://bbc.com,0
https://www.reddit.com/support,0
https://daum.net/account,0
https://www.ebay.com,0
https://www.reddit.com/shop,0
https://www.apple.com/search?utm_source=google,0
https://www.youtube.com/cart,0
https://github.com/blog,0
https://www.alibaba.com/terms,0
https://www.naver.com,0
https://walmart.com/home,0
https://www.amazon.com/checkout,0
https://medium.com/help,0
https://www.amazon.com/services,0
https://www.nytimes.com/search?utm_source=google,0
https://www.wikipedia.org,0
https://airbnb.com/login,0
https://www.naver.com/contact,0
https://shop.facebook.com,0
https://www.reuters.com/login,0
https://coupang.com,0
https://www.medium.com/search,0
https://airbnb.com/register,0
https://kakao.com/category,0
https://www.bbc.com/contact,0
https://mail.facebook.com,0
https://www.airbnb.com/support,0
https://blog.alibaba.com,0
https://www.medium.com/search?ref=home,0
https://www.booking.com/products,0
https://cnn.com,0
https://booking.com,0
https://www.reuters.com,0
https://www.nate.com,0
https://naver.com/settings,0
https://www.walmart.com/search?lang=ko,0
https://m.bbc.com,0
https://www.nytimes.com/support,0
https://www.facebook.com/shop,0
https://www.github.com/search?lang=ko,0
https://www.nytimes.com,0
https://mail.netflix.com,0
https://naver.com/products,0
https://m.nytimes.com,0
https://www.daum.net/search?page=1,0
https://www.netflix.com/search?lang=ko,0
https://ebay.com/search,0
https://google.com/help,0
https://m.twitter.com,0
https://www.ebay.com/blog,0
https://www.reddit.com,0
https://www.youtube.com/login,0
https://facebook.com/privacy,0
